,Códigodo fundo,Setor,Preço Atual,Liquidez Diária,Dividendo,DividendYield,DY (3M)Acumulado,DY (6M)Acumulado,DY (12M)Acumulado,DY (3M)Média,DY (6M)Média,DY (12M)Média,DY Ano,Variação Preço,Rentab.Período,Rentab.Acumulada,PatrimônioLíq.,VPA,P/VPA,DYPatrimonial,VariaçãoPatrimonial,Rentab. Patr.no Período,Rentab. Patr.Acumulada,VacânciaFísica,VacânciaFinanceira,QuantidadeAtivos
0,ABCP11,Shoppings,"R$ 70,84",959.0,"R$ 0,05","0,06%","1,30%","2,69%","3,96%","0,43%","0,45%","0,33%","1,30%","1,82%","1,88%","1,90%","R$ 1.078.043.159,45","R$ 88,34",80.0,,,,,"9,10%",,1
1,AFCR11,Híbrido,"R$ 110,30",1536.0,"R$ 1,08","0,96%","2,81%","5,39%","0,00%","0,94%","0,90%","0,00%","4,54%","-3,03%","-2,10%","1,90%","R$ 123.444.882,79","R$ 103,97",106.0,,,,,,,0
2,AFOF11,Títulos e Val. Mob.,"R$ 140,00",61.0,"R$ 8,76","8,76%","8,76%","8,76%","16,82%","2,92%","1,46%","1,40%","16,82%","0,00%","8,76%","17,52%","R$ 39.463.995,21","R$ 107,50",130.0,,,,,,,0
3,AIEC11,Lajes Corporativas,"R$ 86,27",16775.0,"R$ 0,57","0,65%","1,91%","3,73%","0,00%","0,64%","0,62%","0,00%","3,12%","-3,30%","-2,67%","-2,90%","R$ 483.603.291,35","R$ 100,23",86.0,"0,57%","0,00%","0,57%","1,74%","0,00%",,2
4,ALMI11,Lajes Corporativas,"R$ 1.160,00",54.0,"R$ 0,00","0,00%","0,00%","0,00%","0,00%","0,00%","0,00%","0,00%","0,00%","2,27%","2,27%","-28,29%","R$ 229.423.903,28","R$ 2.063,59",56.0,,,,,"68,15%",,1
5,ALZR11,Logística,"R$ 128,00",11604.0,"R$ 0,68","0,54%","1,48%","2,47%","4,85%","0,49%","0,41%","0,40%","1,86%","-3,29%","-2,77%","-2,02%","R$ 459.176.735,74","R$ 102,51",125.0,"0,59%","0,06%","0,65%","1,62%","0,00%",,13
6,ARCT11,Híbrido,"R$ 108,14",1762.0,"R$ 1,00","0,82%","6,76%","10,44%","18,33%","2,25%","1,74%","1,53%","7,48%","9,91%","10,81%","-5,50%","R$ 162.535.424,95","R$ 101,74",106.0,,,,,,,2
7,ARRI11,Títulos e Val. Mob.,"R$ 102,46",1787.0,"R$ 1,12","1,11%","3,18%","6,39%","10,60%","1,06%","1,07%","0,88%","5,53%","-11,07%","-10,08%","11,95%","R$ 37.849.119,31","R$ 96,46",106.0,,,,,,,0
8,ATSA11,Shoppings,"R$ 107,97",2.0,"R$ 0,25","0,18%","0,59%","1,30%","2,97%","0,20%","0,22%","0,25%","0,37%","0,74%","0,92%","1,10%","R$ 172.769.599,11","R$ 98,66",109.0,,,,,"22,30%",,1
9,BARI11,Títulos e Val. Mob.,"R$ 106,70",14885.0,"R$ 1,07","1,00%","2,88%","7,63%","12,86%","0,96%","1,27%","1,07%","6,07%","-2,40%","-1,42%","-0,59%","R$ 471.179.106,31","R$ 101,67",105.0,,,,,,,0
10,BBFI11B,Lajes Corporativas,"R$ 2.534,00",148.0,"R$ 28,50","1,10%","3,54%","7,48%","13,06%","1,18%","1,25%","1,09%","6,12%","3,22%","4,35%","22,26%","R$ 327.841.152,42","R$ 2.521,86",100.0,,,,,"72,20%",,2
11,BBFO11,Títulos e Val. Mob.,"R$ 87,98",1249.0,"R$ 0,50","0,56%","1,59%","0,00%","0,00%","0,53%","0,00%","0,00%","2,54%","-0,44%","0,11%","-2,67%","R$ 382.522.537,75","R$ 95,54",92.0,"0,49%","0,68%","1,18%","1,40%",,,0
12,BBPO11,Lajes Corporativas,"R$ 114,10",18240.0,"R$ 1,08","0,94%","2,80%","5,57%","10,11%","0,93%","0,93%","0,84%","4,70%","-0,76%","0,17%","5,15%","R$ 1.599.619.138,41","R$ 100,48",114.0,,,,,"0,00%","0,00%",64
13,BBRC11,Outros,"R$ 116,00",640.0,"R$ 0,87","0,75%","2,33%","4,53%","8,56%","0,78%","0,75%","0,71%","3,85%","-1,17%","-0,43%","-4,36%","R$ 182.730.068,76","R$ 114,92",101.0,,,,,"5,40%","2,10%",20
14,BCFF11,Títulos e Val. Mob.,"R$ 85,71",36812.0,"R$ 0,50","0,57%","1,85%","3,60%","6,55%","0,62%","0,60%","0,55%","2,45%","2,23%","2,82%","-3,07%","R$ 2.130.516.253,11","R$ 84,48",101.0,,,,,,,0
15,BCIA11,Títulos e Val. Mob.,"R$ 96,26",12441.0,"R$ 0,64","0,65%","1,89%","3,68%","6,68%","0,63%","0,61%","0,56%","3,06%","-3,89%","-3,26%","-11,06%","R$ 418.706.535,03","R$ 112,58",86.0,"0,57%","-0,37%","0,19%","-1,46%",,,0
16,BCRI11,Títulos e Val. Mob.,"R$ 112,25",23172.0,"R$ 1,59","1,38%","3,65%","6,27%","11,16%","1,22%","1,05%","0,93%","5,30%","-3,10%","-1,77%","2,88%","R$ 469.801.628,14","R$ 106,77",105.0,,,,,,,0
17,BICR11,Títulos e Val. Mob.,"R$ 94,91",46.0,"R$ 0,35","0,37%","1,00%","1,72%","2,99%","0,33%","0,29%","0,25%","1,46%","2,09%","2,46%","-3,96%","R$ 49.480.079,61","R$ 98,96",96.0,,,,,,,0
18,BLCP11,Outros,"R$ 98,28",56.0,"R$ 0,62","0,62%","1,92%","4,08%","0,00%","0,64%","0,68%","0,00%","2,63%","-3,73%","-3,14%","-1,40%","R$ 194.972.275,62","R$ 101,45",97.0,,,,,,,2
19,BLMC11,Outros,,,"R$ 0,54","0,00%","0,00%","0,00%","0,00%","0,00%","0,00%","0,00%",,"0,00%","0,00%","0,00%","R$ 29.577.898,64","R$ 102,17",,,,,,,,0
20,BLMG11,Outros,"R$ 101,75",73885.0,"R$ 0,73","0,71%","2,09%","0,00%","0,00%","0,70%","0,00%","0,00%","2,09%","-3,04%","-2,35%","-0,99%","R$ 377.762.155,35","R$ 99,13",103.0,,,,,"0,00%","0,00%",1
21,BLMR11,Títulos e Val. Mob.,"R$ 82,50",8637.0,"R$ 0,65","0,75%","0,00%","0,00%","0,00%","0,00%","0,00%","0,00%","1,85%","-2,93%","-2,21%","-2,71%","R$ 243.570.258,22","R$ 95,36",87.0,,,,,,,0
22,BMLC11,Lajes Corporativas,"R$ 90,97",77.0,"R$ 0,53","0,58%","1,65%","3,65%","7,28%","0,55%","0,61%","0,61%","2,23%","-1,38%","-0,81%","-1,76%","R$ 106.668.736,54","R$ 106,84",85.0,,,,,"5,40%",,2
23,BNFS11,Outros,"R$ 123,60",188.0,"R$ 1,15","0,92%","2,64%","5,10%","9,61%","0,88%","0,85%","0,80%","4,25%","1,09%","2,02%","2,36%","R$ 72.617.856,21","R$ 103,74",119.0,,,,,,,18
24,BPFF11,Títulos e Val. Mob.,"R$ 78,55",15650.0,"R$ 0,57","0,72%","2,19%","4,33%","7,93%","0,73%","0,72%","0,66%","3,62%","2,02%","2,75%","2,60%","R$ 380.116.251,45","R$ 84,61",93.0,,,,,,,0
25,BPML11,Shoppings,"R$ 87,05",566.0,"R$ 0,61",,,,,,,,,,,,"R$ 585.123.766,98","R$ 135,91",64.0,,,,,"6,00%",,7
26,BRCO11,Logística,"R$ 110,00",150852.0,"R$ 0,54","0,49%","1,47%","2,91%","5,57%","0,49%","0,48%","0,46%","2,43%","-1,34%","-0,86%","-1,68%","R$ 1.602.518.480,03","R$ 108,43",101.0,,,,,"5,90%",,10
27,BRCR11,Híbrido,"R$ 83,37",30030.0,"R$ 0,46","0,54%","1,65%","3,32%","6,28%","0,55%","0,55%","0,52%","1,65%","0,26%","0,80%","1,35%","R$ 2.860.888.100,33","R$ 107,40",78.0,,,,,"22,30%","9,40%",14
28,BREV11,Híbrido,"R$ 106,51",2.0,"R$ 0,42","0,39%","1,16%","2,26%","0,00%","0,39%","0,38%","0,00%","1,41%","-1,17%","-0,78%","-5,82%","R$ 98.928.504,28","R$ 106,00",100.0,,,,,"21,00%",,12
29,BRLA11,Híbrido,,,"R$ 0,98","0,00%","0,00%","0,00%","0,00%","0,00%","0,00%","0,00%",,"0,00%","0,00%","0,00%","R$ 122.532.483,32","R$ 125,52",,,,,,,,0
30,BTAL11,Outros,"R$ 101,56",8419.0,"R$ 0,48","0,46%","0,00%","0,00%","0,00%","0,00%","0,00%","0,00%","0,80%","-1,17%","-0,72%","-0,38%","R$ 600.980.508,82","R$ 100,45",101.0,,,,,,,7
31,BTCR11,Títulos e Val. Mob.,"R$ 93,90",9399.0,"R$ 0,67","0,71%","2,08%","3,98%","6,70%","0,69%","0,66%","0,56%","2,72%","1,69%","2,41%","9,00%","R$ 465.442.757,62","R$ 96,76",97.0,,,,,,,0
32,BTLG11,Logística,"R$ 112,88",48746.0,"R$ 0,70","0,62%","1,71%","3,33%","6,14%","0,57%","0,55%","0,51%","2,22%","0,82%","1,45%","-2,27%","R$ 1.306.865.918,90","R$ 100,65",112.0,,,,,"0,00%","0,00%",15
33,BZLI11,Títulos e Val. Mob.,"R$ 14,70",44041.0,"R$ 0,00","0,00%","0,00%","0,00%","0,00%","0,00%","0,00%","0,00%","0,00%","0,68%","0,68%","1,14%","R$ 439.665.897,40","R$ 11,45",128.0,,,,,,,0
34,CARE11,Híbrido,"R$ 0,75",508765.0,"R$ 0,00","0,23%","0,48%","0,48%","2,05%","0,16%","0,08%","0,17%","0,48%","32,73%","33,03%","3,32%","R$ 288.700.842,07","R$ 1,61",46.0,,,,,,,0
35,CBOP11,Lajes Corporativas,"R$ 72,50",646.0,"R$ 0,49","0,68%","1,97%","4,49%","8,15%","0,66%","0,75%","0,68%","3,30%","-4,00%","-3,35%","2,63%","R$ 128.415.105,52","R$ 90,75",80.0,,,,,"10,37%","10,63%",1
36,CEOC11,Lajes Corporativas,"R$ 68,53",1846.0,"R$ 0,44","0,62%","1,91%","3,87%","7,37%","0,64%","0,64%","0,61%","2,55%","-0,94%","-0,33%","0,86%","R$ 157.247.974,49","R$ 86,60",79.0,,,,,"0,00%",,1
37,CJCT11,Lajes Corporativas,"R$ 61,25",12515.0,"R$ 0,00",,,,,,,,,,,,"R$ 182.844.296,35","R$ 67,47",91.0,,,,,"59,00%",,1
38,CNES11,Lajes Corporativas,"R$ 42,61",187.0,"R$ 0,07","0,17%","0,57%","1,69%","3,91%","0,19%","0,28%","0,33%","0,89%","0,57%","0,74%","-18,63%","R$ 270.708.823,64","R$ 91,79",46.0,,,,,"54,50%",,1
39,CPFF11,Híbrido,"R$ 83,03",26986.0,"R$ 0,82","0,99%","2,86%","5,78%","8,14%","0,95%","0,96%","0,68%","3,80%","-0,24%","0,75%","1,27%","R$ 331.321.045,22","R$ 83,38",100.0,,,,,,,0
40,CPTS11,Títulos e Val. Mob.,"R$ 99,60",114068.0,"R$ 1,05","1,04%","3,07%","6,15%","10,64%","1,02%","1,02%","0,89%","4,08%","-2,31%","-1,30%","2,04%","R$ 1.749.247.095,88","R$ 95,18",105.0,,,,,,,0
41,CRFF11,Títulos e Val. Mob.,"R$ 73,68",647.0,"R$ 0,46","0,63%","1,88%","3,51%","6,62%","0,63%","0,59%","0,55%","3,02%","-5,77%","-5,18%","-8,19%","R$ 64.240.883,51","R$ 93,10",79.0,"0,54%","0,49%","1,03%","-0,07%",,,0
42,CTXT11,Lajes Corporativas,"R$ 23,45",1108.0,"R$ 0,05","0,21%","0,56%","1,30%","5,83%","0,19%","0,22%","0,49%","0,97%","-16,43%","-16,25%","-37,94%","R$ 125.456.495,93","R$ 48,36",48.0,"0,10%","-0,01%","0,09%","0,31%","58,00%",,1
43,CVBI11,Títulos e Val. Mob.,"R$ 104,81",22751.0,"R$ 1,00","0,94%","2,87%","7,32%","11,71%","0,96%","1,22%","0,98%","4,02%","0,09%","1,04%","2,11%","R$ 596.153.316,82","R$ 100,08",105.0,,,,,,,0
44,CXCE11B,Outros,"R$ 82,00",413.0,"R$ 0,91","1,09%","3,20%","6,01%","10,96%","1,07%","1,00%","0,91%","5,12%","-10,11%","-9,13%","-14,20%","R$ 138.866.128,05","R$ 81,07",101.0,,,,,"0,00%",,1
45,CXCO11,Lajes Corporativas,"R$ 102,40",3583.0,"R$ 0,72","0,70%","0,00%","0,00%","0,00%","0,00%","0,00%","0,00%","1,27%","-0,81%","-0,12%","3,68%","R$ 393.011.199,80","R$ 100,14",102.0,,,,,,,0
46,CXRI11,Híbrido,"R$ 92,15",963.0,"R$ 0,54","0,57%","1,78%","3,43%","7,00%","0,59%","0,57%","0,58%","2,90%","-1,53%","-0,97%","-13,29%","R$ 149.288.120,75","R$ 94,74",97.0,"0,63%","0,42%","1,05%","-0,06%",,,0
47,CXTL11,Logística,"R$ 404,89",40.0,"R$ 4,68","1,27%","0,00%","0,00%","0,00%","0,00%","0,00%","0,00%","2,88%","23,54%","25,10%","27,12%","R$ 35.034.656,80","R$ 653,67",62.0,,,,,"60,60%","65,00%",4
48,DEVA11,Títulos e Val. Mob.,"R$ 108,50",49359.0,"R$ 1,37","1,25%","3,63%","0,00%","0,00%","1,21%","0,00%","0,00%","4,98%","-5,98%","-4,81%","-19,73%","R$ 631.222.402,69","R$ 98,82",110.0,,,,,,,0
49,DMAC11,Residencial,"R$ 15,95",1493.0,"R$ 29,05","36,32%","37,99%","40,96%","45,22%","12,66%","6,83%","3,77%","39,24%","-23,09%","4,85%","2,99%","R$ 1.686.261,13","R$ 10,80",148.0,,,,,,,0
50,DOMC11,Lajes Corporativas,"R$ 439,00",42.0,"R$ 0,00","0,00%","0,00%","0,00%","0,00%","0,00%","0,00%","0,00%","0,00%","4,35%","4,35%","-10,00%","R$ 264.351.778,61","R$ 108,17",406.0,,,,,"23,44%",,1
51,DRIT11B,Lajes Corporativas,"R$ 116,00",14.0,"R$ 0,25","0,22%","0,77%","0,00%","0,00%","0,26%","0,00%","0,00%","1,00%","-6,25%","-6,04%","-12,72%","R$ 60.814.190,33","R$ 131,27",88.0,,,,,"23,72%",,6
52,EDFO11B,Lajes Corporativas,"R$ 251,33",11.0,"R$ 1,36","0,54%","1,62%","3,36%","6,79%","0,54%","0,56%","0,57%","2,79%","1,06%","1,61%","2,76%","R$ 50.450.071,67","R$ 213,77",118.0,,,,,"6,96%",,1
53,EDGA11,Lajes Corporativas,"R$ 26,77",1098.0,"R$ 0,10","0,38%","1,49%","0,00%","0,00%","0,50%","0,00%","0,00%","1,93%","-0,26%","0,12%","-12,38%","R$ 300.351.080,19","R$ 78,79",34.0,,,,,"46,26%",,1
54,ERCR11,Híbrido,"R$ 85.227,76",10.0,"R$ 1,22","0,00%","0,00%","0,00%","0,00%","0,00%","0,00%","0,00%",,"0,00%","0,00%","0,00%","R$ 222.673.897,46","R$ 93.717,97",91.0,,,,,,,0
55,EURO11,Logística,"R$ 208,80",152.0,"R$ 1,35","0,65%","1,95%","4,68%","6,85%","0,65%","0,78%","0,57%","3,18%","-1,03%","-0,39%","-1,38%","R$ 108.814.080,03","R$ 283,42",74.0,,,,,"0,00%",,6
56,EVBI11,Híbrido,"R$ 101,99",60.0,"R$ 0,64","0,63%","1,85%","0,00%","0,00%","0,62%","0,00%","0,00%","2,43%","-2,74%","-2,13%","4,50%","R$ 105.965.450,46","R$ 97,89",104.0,,,,,"0,00%",,2
57,FAED11,Outros,"R$ 150,00",479.0,"R$ 1,11","0,69%","2,03%","3,98%","7,58%","0,68%","0,66%","0,63%","2,72%","-7,05%","-6,41%","-15,63%","R$ 137.337.148,14","R$ 213,86",70.0,,,,,"0,00%",,3
58,FAMB11B,Lajes Corporativas,"R$ 1.160,00",94.0,"R$ 9,16","0,56%","2,17%","4,78%","10,43%","0,72%","0,80%","0,87%","8,82%","-47,80%","-47,51%","-47,80%","R$ 365.691.116,16","R$ 3.489,42",33.0,,,,,"100,00%",,1
59,FATN11,Híbrido,"R$ 102,32",53.0,"R$ 0,67","0,65%","1,97%","3,71%","6,70%","0,66%","0,62%","0,56%","2,59%","4,51%","5,19%","4,99%","R$ 57.643.273,62","R$ 100,31",102.0,,,,,"0,00%",,7
60,FCFL11,Outros,"R$ 112,35",1842.0,"R$ 0,62","0,56%","1,66%","3,09%","6,08%","0,55%","0,51%","0,51%","2,16%","0,24%","0,81%","0,43%","R$ 352.271.509,56","R$ 101,40",111.0,,,,,"0,00%",,1
61,FEXC11,Títulos e Val. Mob.,"R$ 97,85",2000.0,"R$ 0,98","1,04%","2,93%","4,88%","8,68%","0,98%","0,81%","0,72%","3,72%","-1,20%","-0,18%","3,35%","R$ 327.291.984,63","R$ 95,65",102.0,,,,,,,0
62,FIGS11,Shoppings,"R$ 59,66",4182.0,"R$ 0,15","0,25%","0,59%","2,08%","0,00%","0,20%","0,35%","0,00%","1,47%","0,34%","0,59%","-9,96%","R$ 269.255.994,59","R$ 94,48",63.0,,,,,"12,20%",,2
63,FIIB11,Híbrido,"R$ 500,61",1340.0,"R$ 3,30","0,66%","1,91%","3,53%","6,26%","0,64%","0,59%","0,52%","2,48%","0,32%","0,98%","-2,43%","R$ 302.962.189,17","R$ 442,28",113.0,,,,,"3,93%",,1
64,FIIP11B,Logística,"R$ 194,01",1502.0,"R$ 1,12","0,55%","1,77%","3,48%","10,67%","0,59%","0,58%","0,89%","2,93%","0,56%","1,12%","1,52%","R$ 179.174.483,29","R$ 193,25",100.0,"0,59%","0,07%","0,66%","3,22%","0,00%",,7
65,FISC11,Lajes Corporativas,"R$ 165,00",200.0,"R$ 0,12",,,,,,,,,,,,"R$ 247.786.515,54","R$ 157,17",105.0,,,,,,,0
66,FIVN11,Shoppings,"R$ 2,97",26598.0,"R$ 0,00","0,00%","0,00%","0,00%","0,00%","0,00%","0,00%","0,00%",,"0,00%","0,00%","0,00%","R$ 64.832.865,32","R$ 6,89",43.0,,,,,"56,00%",,1
67,FLMA11,Híbrido,"R$ 137,07",2452.0,"R$ 0,01","0,23%","1,09%","1,99%","3,12%","0,36%","0,33%","0,26%","1,43%","4,76%","5,01%","-3,29%","R$ 214.749.677,44","R$ 3,11",4406.0,,,,,"6,00%",,2
68,FLRP11,Shoppings,"R$ 1.312,00",8.0,"R$ 4,00","0,30%","1,17%","2,45%","0,00%","0,39%","0,41%","0,00%","1,68%","1,76%","2,07%","2,70%","R$ 108.398.133,18","R$ 1.661,73",79.0,,,,,"2,06%",,1
69,FMOF11,Lajes Corporativas,"R$ 73,19",2.0,"R$ 0,64",,,,,,,,,,,,"R$ 67.175.179,13","R$ 132,23",55.0,,,,,"50,00%",,1
70,FPAB11,Lajes Corporativas,"R$ 258,80",9.0,"R$ 1,20","0,45%","1,31%","2,70%","6,26%","0,44%","0,45%","0,52%","2,14%","-8,65%","-8,23%","-8,26%","R$ 336.136.819,88","R$ 448,18",58.0,,,,,"38,34%",,1
71,FVPQ11,Shoppings,"R$ 136,53",366.0,"R$ 1,40","1,01%","1,43%","1,90%","5,13%","0,48%","0,32%","0,43%","1,38%","-3,11%","-2,13%","-1,77%","R$ 549.532.448,22","R$ 196,25",70.0,,,,,"5,30%",,1
72,GALG11,Híbrido,"R$ 109,98",50175.0,"R$ 0,84","0,76%","2,26%","4,47%","0,00%","0,75%","0,74%","0,00%","3,72%","-1,49%","-0,74%","3,14%","R$ 568.509.424,27","R$ 101,28",109.0,,,,,"0,00%","0,00%",6
73,GCFF11,Títulos e Val. Mob.,"R$ 95,31",2201.0,"R$ 0,93","0,94%","2,78%","5,04%","0,00%","0,93%","0,84%","0,00%","3,68%","0,61%","1,56%","8,70%","R$ 32.721.034,86","R$ 96,64",99.0,,,,,,,0
74,GGRC11,Logística,"R$ 120,00",11316.0,"R$ 0,70","0,58%","1,65%","3,27%","6,21%","0,55%","0,54%","0,52%","2,77%","-1,48%","-0,91%","-12,41%","R$ 965.982.178,86","R$ 124,51",96.0,,,,,"0,00%","0,00%",15
75,GSFI11,Shoppings,"R$ 4,20",8165.0,"R$ 0,00","0,03%","0,03%","0,03%","0,03%","0,01%","0,00%","0,00%","0,03%","0,00%","0,03%","0,03%","R$ 953.239.815,02","R$ 13,92",30.0,,,,,"10,70%",,10
76,GTWR11,Lajes Corporativas,"R$ 106,34",9709.0,"R$ 0,67","0,63%","1,87%","3,75%","7,26%","0,62%","0,62%","0,60%","3,13%","-1,36%","-0,74%","1,80%","R$ 1.209.330.002,24","R$ 100,78",106.0,,,,,"0,00%","0,00%",1
77,HAAA11,Lajes Corporativas,"R$ 101,00",265.0,"R$ 0,52","0,52%","1,54%","0,00%","0,00%","0,51%","0,00%","0,00%","1,54%","-0,59%","-0,08%","0,95%","R$ 263.837.998,54","R$ 97,36",104.0,,,,,"3,00%",,1
78,HABT11,Títulos e Val. Mob.,"R$ 124,66",20141.0,"R$ 1,80","1,42%","4,15%","7,39%","13,30%","1,38%","1,23%","1,11%","6,16%","3,57%","5,04%","7,03%","R$ 544.212.285,98","R$ 100,55",124.0,,,,,,,0
79,HBRH11,Híbrido,"R$ 94,00",1656.0,"R$ 0,66","0,70%","2,02%","0,00%","0,00%","0,67%","0,00%","0,00%","2,02%","-3,22%","-2,54%","-4,01%","R$ 245.568.202,78","R$ 109,35",86.0,,,,,,,3
80,HCHG11,Outros,,,"R$ 0,50","0,00%","0,00%","0,00%","0,00%","0,00%","0,00%","0,00%",,"0,00%","0,00%","0,00%","R$ 6.628.046,93","R$ 88,37",,,,,,,,0
81,HCRI11,Hospital,"R$ 403,00",25.0,"R$ 3,08",,,,,,,,,,,,"R$ 60.623.666,52","R$ 303,12",133.0,,,,,"0,00%",,1
82,HCTR11,Outros,"R$ 138,76",67441.0,"R$ 2,00","1,41%","4,07%","8,89%","16,49%","1,36%","1,48%","1,37%","5,50%","-5,06%","-3,72%","-3,32%","R$ 1.191.772.877,57","R$ 116,67",119.0,,,,,,,0
83,HFOF11,Títulos e Val. Mob.,"R$ 98,41",14769.0,"R$ 0,60","0,60%","1,76%","3,53%","6,88%","0,59%","0,59%","0,57%","2,82%","0,14%","0,74%","-1,42%","R$ 2.071.075.904,19","R$ 96,12",102.0,,,,,,,0
84,HGBS11,Shoppings,"R$ 199,78",8901.0,"R$ 0,35","0,17%","0,57%","1,62%","2,65%","0,19%","0,27%","0,22%","1,32%","-1,69%","-1,52%","-6,12%","R$ 2.197.222.976,79","R$ 219,72",91.0,,,,,"7,97%",,17
85,HGCR11,Títulos e Val. Mob.,"R$ 105,31",108788.0,"R$ 0,75","0,70%","1,98%","3,89%","6,77%","0,66%","0,65%","0,56%","3,17%","-1,78%","-1,09%","6,98%","R$ 1.295.499.170,54","R$ 104,71",101.0,,,,,,,0
86,HGFF11,Títulos e Val. Mob.,"R$ 85,05",5148.0,"R$ 0,50","0,58%","1,79%","3,89%","7,29%","0,60%","0,65%","0,61%","2,94%","-3,90%","-3,34%","-9,11%","R$ 277.011.967,82","R$ 96,74",88.0,,,,,,,0
87,HGIC11,Títulos e Val. Mob.,"R$ 106,38",16.0,"R$ 0,78","0,73%","1,50%","0,00%","0,00%","0,50%","0,00%","0,00%","1,50%","1,33%","2,06%","8,61%","R$ 13.241.911,62","R$ 103,18",103.0,,,,,,,0
88,HGLG11,Logística,"R$ 169,90",31488.0,"R$ 1,00","0,59%","1,48%","3,80%","6,37%","0,49%","0,63%","0,53%","2,35%","-2,56%","-1,99%","-3,39%","R$ 2.706.356.204,54","R$ 146,79",116.0,,,,,"15,20%","6,40%",17
89,HGPO11,Lajes Corporativas,"R$ 222,27",1302.0,"R$ 1,17","0,53%","1,45%","2,76%","5,33%","0,48%","0,46%","0,44%","2,32%","0,68%","1,21%","-2,76%","R$ 402.286.702,76","R$ 243,81",91.0,,,,,"0,00%","0,00%",2
90,HGRE11,Lajes Corporativas,"R$ 126,60",36867.0,"R$ 0,69","0,54%","1,51%","3,03%","5,61%","0,50%","0,50%","0,47%","2,41%","-6,61%","-6,11%","-12,14%","R$ 1.999.657.650,61","R$ 169,21",75.0,,,,,"23,42%","25,02%",21
91,HGRU11,Híbrido,"R$ 121,94",38458.0,"R$ 0,70","0,58%","1,69%","3,30%","6,49%","0,56%","0,55%","0,54%","2,75%","-1,80%","-1,23%","-4,04%","R$ 2.170.969.775,73","R$ 117,95",103.0,,,,,"0,00%","0,00%",16
92,HLOG11,Logística,"R$ 113,00",821.0,"R$ 0,63","0,55%","1,63%","3,32%","6,46%","0,54%","0,55%","0,54%","2,70%","-2,17%","-1,63%","-1,87%","R$ 507.955.972,93","R$ 119,52",95.0,,,,,"17,00%",,3
93,HOSI11,Híbrido,"R$ 80,50",1580.0,"R$ 0,54","0,67%","2,05%","3,95%","5,84%","0,68%","0,66%","0,49%","3,38%","0,76%","1,43%","-2,25%","R$ 53.020.719,64","R$ 92,46",87.0,,,,,,,2
94,HPDP11,Shoppings,"R$ 82,48",10.0,"R$ 0,08","0,10%","0,19%","1,19%","0,00%","0,06%","0,20%","0,00%","0,79%","-0,60%","-0,51%","-3,55%","R$ 293.216.006,53","R$ 100,80",82.0,,,,,"3,30%",,1
95,HRDF11,Híbrido,"R$ 1,44",134081.0,"R$ 6,80",,,,,,,,,,,,"R$ 12.678.450,44","R$ 1,67",86.0,,,,,,,0
96,HREC11,Títulos e Val. Mob.,"R$ 101,48",59.0,"R$ 1,04","1,03%","2,61%","3,34%","0,00%","0,87%","0,56%","0,00%","3,34%","-2,44%","-1,44%","1,43%","R$ 88.406.810,75","R$ 98,01",104.0,,,,,,,0
97,HSAF11,Títulos e Val. Mob.,"R$ 101,95",2531.0,"R$ 1,10","1,08%","3,27%","5,89%","0,00%","1,09%","0,98%","0,00%","5,14%","0,80%","1,89%","13,99%","R$ 89.207.447,69","R$ 98,77",103.0,,,,,,,0
98,HSLG11,Logística,"R$ 105,49",8849.0,"R$ 0,58","0,55%","1,60%","0,00%","0,00%","0,53%","0,00%","0,00%","2,63%","-2,13%","-1,59%","-4,35%","R$ 1.333.095.980,39","R$ 105,30",100.0,,,,,"4,60%",,5
99,HSML11,Shoppings,"R$ 90,00",24121.0,"R$ 0,35","0,38%","0,81%","2,29%","4,43%","0,27%","0,38%","0,37%","1,76%","1,38%","1,77%","-5,21%","R$ 1.539.379.240,33","R$ 97,55",92.0,,,,,"5,00%",,5
100,HSRE11,Híbrido,,,"R$ 0,54","0,00%","0,00%","0,00%","0,00%","0,00%","0,00%","0,00%",,"0,00%","0,00%","0,00%","R$ 824.684.495,66","R$ 96,82",,,,,,"0,00%",,2
101,HTMX11,Hotel,"R$ 101,78",1562.0,"R$ 0,00","0,00%","0,80%","2,20%","5,41%","0,27%","0,37%","0,45%","0,80%","-28,14%","-28,14%","-32,26%","R$ 164.389.940,42","R$ 130,78",78.0,,,,,"81,00%",,23
102,HUSC11,Outros,"R$ 131,00",96.0,"R$ 0,73","0,54%","1,62%","3,05%","5,92%","0,54%","0,51%","0,49%","2,57%","-0,32%","0,22%","-10,61%","R$ 103.229.708,91","R$ 129,91",101.0,"0,56%","0,17%","0,73%","2,25%",,,0
103,IBFF11,Títulos e Val. Mob.,"R$ 68,79",2440.0,"R$ 0,35","0,50%","1,59%","3,11%","6,49%","0,53%","0,52%","0,54%","2,07%","-3,64%","-3,16%","-8,93%","R$ 57.272.721,51","R$ 85,91",80.0,,,,,,,0
104,IFID11,Títulos e Val. Mob.,"R$ 94,42",184.0,"R$ 0,88","0,94%","0,00%","0,00%","0,00%","0,00%","0,00%","0,00%","2,38%","-3,37%","-2,47%","-3,75%","R$ 71.298.621,17","R$ 95,30",99.0,,,,,,,0
105,IFIE11,Títulos e Val. Mob.,"R$ 93,99",556.0,"R$ 0,41","0,42%","1,32%","2,52%","0,00%","0,44%","0,42%","0,00%","1,75%","-2,27%","-1,85%","4,87%","R$ 80.698.530,66","R$ 89,62",105.0,,,,,,,0
106,IRDM11,Títulos e Val. Mob.,"R$ 131,39",51047.0,"R$ 1,16","0,82%","2,62%","5,74%","10,65%","0,87%","0,96%","0,89%","3,53%","1,67%","2,50%","0,07%","R$ 2.184.331.212,91","R$ 99,29",132.0,,,,,,,0
107,JFLL11,Residencial,"R$ 94,02",764.0,"R$ 0,62","0,65%","1,96%","0,00%","0,00%","0,65%","0,00%","0,00%","2,69%","-1,83%","-1,19%","-2,69%","R$ 145.080.526,29","R$ 96,68",97.0,,,,,"30,00%",,2
108,JPPA11,Títulos e Val. Mob.,"R$ 99,60",311.0,"R$ 1,06","1,06%","3,15%","5,48%","0,00%","1,05%","0,91%","0,00%","4,76%","-1,28%","-0,24%","5,43%","R$ 62.499.676,06","R$ 103,48",96.0,,,,,,,0
109,JRDM11,Shoppings,"R$ 68,49",559.0,"R$ 0,28","0,41%","1,36%","2,04%","2,40%","0,45%","0,34%","0,20%","1,36%","1,59%","2,01%","5,90%","R$ 220.206.678,75","R$ 87,28",78.0,,,,,"3,77%",,1
110,JSRE11,Híbrido,"R$ 90,05",19864.0,"R$ 0,53","0,58%","1,70%","3,33%","6,44%","0,57%","0,56%","0,54%","2,77%","-3,92%","-3,36%","-5,98%","R$ 2.360.368.472,34","R$ 113,66",79.0,,,,,"12,90%","9,10%",5
111,KFOF11,Títulos e Val. Mob.,"R$ 93,31",5444.0,"R$ 0,55","0,60%","1,75%","3,25%","6,18%","0,58%","0,54%","0,51%","2,78%","-3,06%","-2,48%","-7,32%","R$ 475.906.345,64","R$ 104,98",89.0,,,,,,,0
112,KINP11,Residencial,"R$ 13,26",200.0,"R$ 0,19",,,,,,,,,,,,"R$ 61.581.654,62","R$ 8,62",154.0,,,,,,,0
113,KISU11,Títulos e Val. Mob.,"R$ 115,68",7056.0,"R$ 0,64","0,53%","1,76%","0,00%","0,00%","0,59%","0,00%","0,00%","3,01%","-19,28%","-18,85%","14,48%","R$ 72.254.946,69","R$ 94,66",122.0,,,,,,,0
114,KNCR11,Títulos e Val. Mob.,"R$ 91,92",34026.0,"R$ 0,35","0,38%","1,06%","2,14%","4,00%","0,35%","0,36%","0,33%","1,65%","-3,62%","-3,25%","4,18%","R$ 3.847.357.167,46","R$ 98,41",93.0,,,,,,,0
115,KNHY11,Títulos e Val. Mob.,"R$ 111,05",6557.0,"R$ 1,09","0,97%","3,00%","6,43%","9,99%","1,00%","1,07%","0,83%","5,36%","-1,95%","-1,00%","5,05%","R$ 1.095.864.456,08","R$ 102,50",108.0,,,,,,,0
116,KNIP11,Títulos e Val. Mob.,"R$ 107,50",100789.0,"R$ 1,13","1,03%","2,80%","6,11%","10,12%","0,93%","1,02%","0,84%","4,95%","-3,01%","-2,01%","1,20%","R$ 4.852.707.336,45","R$ 102,95",104.0,,,,,,,0
117,KNRE11,Residencial,"R$ 2,83",4202.0,"R$ 0,00",,,,,,,,,,,,"R$ 46.844.375,38","R$ 2,53",112.0,,,,,,,0
118,KNRI11,Híbrido,"R$ 141,54",43349.0,"R$ 0,69","0,48%","1,39%","2,66%","5,07%","0,46%","0,44%","0,42%","2,26%","-3,64%","-3,18%","-8,01%","R$ 3.772.448.562,06","R$ 156,11",91.0,,,,,"5,49%","10,17%",20
119,KNSC11,Títulos e Val. Mob.,"R$ 101,57",50506.0,"R$ 1,00","0,96%","2,71%","5,85%","0,00%","0,90%","0,97%","0,00%","4,96%","2,01%","2,99%","5,55%","R$ 251.637.323,87","R$ 95,57",106.0,,,,,,,0
120,LASC11,Shoppings,"R$ 94,76",53.0,"R$ 0,24","0,26%","0,98%","2,77%","4,24%","0,33%","0,46%","0,35%","2,03%","0,09%","0,34%","-4,05%","R$ 260.397.391,07","R$ 103,41",92.0,,,,,"3,50%",,3
121,LFTT11,Residencial,"R$ 106,28",116.0,"R$ 0,75",,,,,,,,,,,,"R$ 425.570.870,66","R$ 60,58",175.0,,,,,,,0
122,LGCP11,Logística,"R$ 93,40",2123.0,"R$ 0,54","0,57%","1,76%","3,09%","6,08%","0,59%","0,52%","0,51%","2,76%","-0,65%","-0,07%","-1,99%","R$ 270.141.971,62","R$ 98,85",94.0,,,,,"0,00%",,5
123,LUGG11,Residencial,"R$ 95,00",208.0,"R$ 0,54","0,57%","1,61%","3,00%","5,66%","0,54%","0,50%","0,47%","2,57%","0,01%","0,58%","-2,54%","R$ 98.506.218,43","R$ 109,45",87.0,,,,,"2,70%",,4
124,LVBI11,Logística,"R$ 105,29",24712.0,"R$ 0,56","0,53%","1,49%","2,72%","5,42%","0,50%","0,45%","0,45%","1,89%","-5,71%","-5,21%","-8,94%","R$ 1.298.857.175,40","R$ 110,30",95.0,,,,,"1,00%",,8
125,MALL11,Shoppings,"R$ 97,69",16882.0,"R$ 0,45","0,46%","1,34%","3,11%","5,30%","0,45%","0,52%","0,44%","2,52%","-2,94%","-2,49%","-5,58%","R$ 791.439.572,44","R$ 104,68",93.0,,,,,"3,00%",,7
126,MAXR11,Outros,"R$ 94,69",776.0,"R$ 0,57","0,57%","1,84%","3,62%","7,39%","0,61%","0,60%","0,62%","1,84%","-94,65%","-94,62%","-94,59%","R$ 132.901.773,12","R$ 2.243,26",4.0,,,,,"0,00%",,8
127,MBRF11,Outros,"R$ 875,10",59.0,"R$ 7,15","0,82%","2,53%","0,00%","0,00%","0,84%","0,00%","0,00%","3,96%","10,71%","11,62%","-8,93%","R$ 115.970.743,21","R$ 1.140,73",77.0,"0,63%","0,06%","0,69%","2,70%","0,00%",,2
128,MCCI11,Títulos e Val. Mob.,"R$ 102,40",28411.0,"R$ 0,70","0,69%","2,04%","3,89%","7,40%","0,68%","0,65%","0,62%","2,72%","-0,39%","0,29%","1,70%","R$ 885.932.304,42","R$ 99,24",103.0,,,,,,,0
129,MFAI11,Híbrido,"R$ 98,70",630.0,"R$ 0,89","0,89%","2,73%","4,76%","0,00%","0,91%","0,79%","0,00%","3,95%","-2,37%","-1,50%","-11,80%","R$ 29.005.724,02","R$ 95,67",103.0,,,,,,,0
130,MFII11,Híbrido,"R$ 113,90",8047.0,"R$ 0,91","0,79%","2,34%","4,64%","9,35%","0,78%","0,77%","0,78%","3,87%","-4,98%","-4,23%","-10,22%","R$ 475.137.918,26","R$ 119,18",96.0,,,,,,,9
131,MGCR11,Títulos e Val. Mob.,"R$ 99,30",874.0,"R$ 0,90","0,90%","2,74%","4,84%","0,00%","0,91%","0,81%","0,00%","3,47%","-1,76%","-0,88%","7,80%","R$ 135.321.835,75","R$ 95,14",104.0,,,,,,,0
132,MGFF11,Títulos e Val. Mob.,"R$ 83,00",28372.0,"R$ 0,60","0,70%","2,19%","4,22%","7,72%","0,73%","0,70%","0,64%","2,94%","-2,06%","-1,37%","1,38%","R$ 779.807.430,42","R$ 86,16",96.0,,,,,,,0
133,MGHT11,Hotel,"R$ 98,37",23.0,"R$ 0,51","0,52%","1,80%","3,63%","7,16%","0,60%","0,61%","0,60%","2,45%","1,34%","1,87%","1,24%","R$ 106.878.508,03","R$ 101,98",96.0,,,,,,,0
134,MORE11,Títulos e Val. Mob.,"R$ 87,96",5554.0,"R$ 0,62","0,69%","1,81%","3,94%","8,07%","0,60%","0,66%","0,67%","2,26%","-7,76%","-7,12%","-17,49%","R$ 231.328.974,76","R$ 99,75",88.0,,,,,,,0
135,MXRF11,Híbrido,"R$ 10,43",890062.0,"R$ 0,07","0,66%","2,18%","4,34%","8,06%","0,73%","0,72%","0,67%","3,68%","-0,84%","-0,19%","3,24%","R$ 2.272.792.687,39","R$ 10,02",104.0,,,,,,,0
136,NAVT11,Títulos e Val. Mob.,"R$ 94,00",2049.0,"R$ 0,60",,,,,,,,,,,,"R$ 102.164.252,64","R$ 96,88",97.0,,,,,,,0
137,NCHB11,Títulos e Val. Mob.,"R$ 94,86",5803.0,"R$ 0,65","0,66%","2,28%","5,84%","6,75%","0,76%","0,97%","0,56%","3,46%","-4,47%","-3,83%","-3,46%","R$ 134.566.700,42","R$ 93,32",102.0,,,,,,,0
138,NEWL11,Híbrido,"R$ 105,50",1708.0,"R$ 0,90","0,85%","2,58%","5,14%","9,23%","0,86%","0,86%","0,77%","4,28%","0,83%","1,69%","4,23%","R$ 157.255.190,23","R$ 110,41",96.0,,,,,"0,00%",,1
139,NEWU11,Lajes Corporativas,"R$ 36,48",90.0,"R$ 0,00","0,00%","0,00%","0,56%","16,63%","0,00%","0,09%","1,39%","0,61%","-4,04%","-4,04%","-31,62%","R$ 47.232.506,15","R$ 63,66",57.0,,,,,"63,90%",,3
140,NSLU11,Hospital,"R$ 244,10",866.0,"R$ 1,80","0,72%","2,09%","3,95%","9,37%","0,70%","0,66%","0,78%","2,74%","-4,65%","-3,96%","-6,22%","R$ 243.850.897,79","R$ 213,01",115.0,"0,84%","0,01%","0,84%","2,56%","0,00%",,1
141,NVHO11,Hospital,"R$ 14,02",305.0,"R$ 0,07","0,49%","1,41%","3,26%","6,27%","0,47%","0,54%","0,52%","2,17%","-4,00%","-3,53%","-30,92%","R$ 513.343.242,82","R$ 12,37",113.0,,,,,,,1
142,NVIF11B,Outros,,,"R$ 0,30","0,00%","0,00%","0,00%","0,00%","0,00%","0,00%","0,00%",,"0,00%","0,00%","0,00%","R$ 57.310.677,40","R$ 169,86",,,,,,,,0
143,ONEF11,Lajes Corporativas,"R$ 140,65",1610.0,"R$ 0,64","0,46%","1,35%","0,00%","0,00%","0,45%","0,00%","0,00%","2,23%","0,86%","1,32%","-2,25%","R$ 146.231.574,63","R$ 160,52",88.0,,,,,"0,00%",,1
144,ORPD11,Títulos e Val. Mob.,"R$ 131,24",86.0,"R$ 1,38",,,,,,,,,,,,"R$ 42.692.384,97","R$ 147,22",89.0,,,,,,,0
145,OUFF11,Títulos e Val. Mob.,"R$ 83,00",4135.0,"R$ 0,70","0,83%","2,37%","4,78%","8,45%","0,79%","0,80%","0,70%","3,04%","-0,17%","0,66%","-0,44%","R$ 162.175.591,32","R$ 89,39",93.0,,,,,,,0
146,OUJP11,Títulos e Val. Mob.,"R$ 101,50",6842.0,"R$ 0,65","0,64%","1,86%","4,32%","7,48%","0,62%","0,72%","0,62%","3,25%","-3,15%","-2,54%","-2,31%","R$ 336.009.243,08","R$ 103,31",98.0,,,,,,,0
147,OULG11,Outros,"R$ 69,67",1972.0,"R$ 0,50","0,74%","2,12%","4,25%","8,22%","0,71%","0,71%","0,69%","2,77%","-6,59%","-5,90%","-9,77%","R$ 232.568.487,72","R$ 93,73",74.0,,,,,"0,00%",,2
148,OURE11,Títulos e Val. Mob.,"R$ 88,13",1291.0,"R$ 0,77","0,88%","2,39%","5,04%","8,99%","0,80%","0,84%","0,75%","3,04%","-4,57%","-3,73%","-5,21%","R$ 82.928.333,31","R$ 99,69",88.0,,,,,,,0
149,PABY11,Híbrido,"R$ 12,50",17.0,"R$ 0,00","0,00%","0,00%","0,00%","0,00%","0,00%","0,00%","0,00%","0,00%","-19,84%","-19,84%","-31,62%","R$ -5.941.591,36","R$ -7,83",-160.0,,,,,,,1
150,PATC11,Lajes Corporativas,"R$ 67,76",7279.0,"R$ 0,32","0,47%","1,37%","2,44%","4,38%","0,46%","0,41%","0,37%","2,08%","-1,81%","-1,35%","-17,71%","R$ 301.715.125,49","R$ 86,76",78.0,"0,36%","0,20%","0,56%","1,32%","17,00%","12,30%",6
151,PATL11,Híbrido,"R$ 88,06",27327.0,"R$ 0,57","0,63%","1,87%","3,64%","0,00%","0,62%","0,61%","0,00%","3,06%","-3,22%","-2,60%","-0,92%","R$ 481.744.332,63","R$ 96,51",91.0,,,,,"7,00%","0,00%",2
152,PLCR11,Híbrido,"R$ 93,55",6569.0,"R$ 0,95","1,01%","2,67%","5,28%","8,41%","0,89%","0,88%","0,70%","4,42%","-3,04%","-2,06%","3,57%","R$ 205.804.632,29","R$ 97,58",96.0,,,,,,,0
153,PLOG11,Logística,"R$ 94,32",89.0,"R$ 0,68","0,72%","0,00%","0,00%","0,00%","0,00%","0,00%","0,00%","1,41%","-3,02%","-2,32%","-1,65%","R$ 71.539.479,62","R$ 95,39",99.0,,,,,"0,00%",,1
154,PLRI11,Títulos e Val. Mob.,"R$ 45,84",108.0,"R$ 0,23","0,51%","1,32%","3,21%","6,41%","0,44%","0,53%","0,53%","2,59%","0,90%","1,41%","0,67%","R$ 52.450.251,40","R$ 54,96",83.0,,,,,,,0
155,PORD11,Títulos e Val. Mob.,"R$ 101,68",5638.0,"R$ 1,00","0,97%","2,66%","5,24%","10,13%","0,89%","0,87%","0,84%","4,26%","-0,48%","0,48%","3,86%","R$ 200.072.227,02","R$ 101,41",100.0,,,,,,,0
156,PQAG11,Logística,"R$ 63,39",77.0,"R$ 0,36","0,56%","1,64%","3,15%","0,00%","0,55%","0,52%","0,00%","2,65%","-2,55%","-2,00%","-7,15%","R$ 760.892.765,67","R$ 54,38",117.0,,,,,"0,00%",,1
157,PQDP11,Shoppings,"R$ 2.853,00",17.0,"R$ 1,88","0,07%","0,53%","1,63%","0,00%","0,18%","0,27%","0,00%","1,07%","-0,73%","-0,66%","1,75%","R$ 860.728.495,16","R$ 3.609,27",79.0,,,,,"4,20%",,1
158,PRSV11,Lajes Corporativas,"R$ 142,00",47.0,"R$ 1,62","0,42%","1,53%","2,91%","5,95%","0,51%","0,48%","0,50%","4,46%","5,30%","5,74%","-11,25%","R$ 46.245.766,08","R$ 237,16",60.0,,,,,"40,90%",,2
159,PVBI11,Lajes Corporativas,"R$ 95,30",27371.0,"R$ 0,54","0,57%","1,60%","3,11%","0,00%","0,53%","0,52%","0,00%","2,12%","-1,71%","-1,15%","-0,62%","R$ 937.392.495,36","R$ 96,44",99.0,,,,,"0,00%",,3
160,QAGR11,Outros,"R$ 53,74",17066.0,"R$ 0,38","0,71%","2,20%","4,04%","6,49%","0,73%","0,67%","0,54%","3,05%","-2,02%","-1,32%","1,66%","R$ 294.818.807,16","R$ 58,50",92.0,,,,,,,12
161,QIFF11,Títulos e Val. Mob.,"R$ 101,18",7.0,"R$ 0,73","0,70%","2,14%","4,47%","0,00%","0,71%","0,75%","0,00%","3,59%","-0,10%","0,60%","7,93%","R$ 14.821.319,13","R$ 98,81",102.0,,,,,,,0
162,RBBV11,Títulos e Val. Mob.,"R$ 98,50",3689.0,"R$ 27,19","27,60%","29,03%","31,79%","35,27%","9,68%","5,30%","2,94%","31,79%","-0,99%","26,35%","33,71%","R$ 126.592.088,63","R$ 100,94",98.0,,,,,,,1
163,RBCB11,Outros,"R$ 19,00",161.0,"R$ 0,00","0,00%","0,29%","4,38%","14,62%","0,10%","0,73%","1,22%","4,38%","-71,35%","-71,35%","-75,16%","R$ 0,00","R$ 0,00",inf,,,,,,,0
164,RBCO11,Lajes Corporativas,"R$ 57,50",2136.0,"R$ 0,39","0,67%","1,86%","3,79%","7,01%","0,62%","0,63%","0,58%","3,18%","-3,59%","-2,94%","-28,79%","R$ 383.980.859,75","R$ 101,61",57.0,,,,,"32,00%","32,00%",4
165,RBDS11,Residencial,"R$ 20,85",34.0,"R$ 0,00","0,00%","0,00%","0,00%","0,00%","0,00%","0,00%","0,00%","0,00%","0,00%","0,00%","0,00%","R$ 3.152.456,62","R$ 24,92",84.0,,,,,,,0
166,RBED11,Outros,"R$ 146,63",863.0,"R$ 1,03","0,70%","2,13%","4,13%","7,79%","0,71%","0,69%","0,65%","3,47%","3,55%","4,27%","-0,82%","R$ 303.972.517,73","R$ 150,36",98.0,,,,,"0,00%",,5
167,RBFF11,Títulos e Val. Mob.,"R$ 68,00",6756.0,"R$ 0,50","0,73%","2,21%","4,12%","8,48%","0,74%","0,69%","0,71%","3,38%","1,64%","2,38%","-4,87%","R$ 274.271.050,16","R$ 73,20",93.0,,,,,,,0
168,RBGS11,Shoppings,"R$ 37,93",1277.0,"R$ 0,02","0,06%","0,27%","0,00%","0,00%","0,09%","0,00%","0,00%","1,92%","-2,38%","-2,32%","-7,37%","R$ 98.419.602,49","R$ 91,30",42.0,,,,,"11,50%",,1
169,RBHY11,Títulos e Val. Mob.,,,"R$ 1,20","0,00%","0,00%","0,00%","0,00%","0,00%","0,00%","0,00%",,"0,00%","0,00%","0,00%","R$ 60.865.645,00","R$ 101,44",,,,,,,,0
170,RBIV11,Títulos e Val. Mob.,"R$ 83,48",3030.0,"R$ 0,70","0,84%","2,45%","4,78%","8,34%","0,82%","0,80%","0,69%","4,16%","-3,98%","-3,17%","4,85%","R$ 103.013.163,23","R$ 100,56",83.0,,,,,,,0
171,RBLG11,Logística,"R$ 107,00",4.0,"R$ 0,33",,,,,,,,,,,,"R$ 73.209.362,34","R$ 114,35",94.0,,,,,,,1
172,RBRD11,Híbrido,"R$ 61,04",937.0,"R$ 0,05","0,08%","0,11%","0,30%","20,55%","0,04%","0,05%","1,71%","0,21%","-16,53%","-16,46%","-18,61%","R$ 131.842.763,02","R$ 71,20",86.0,,,,,"31,72%",,4
173,RBRF11,Títulos e Val. Mob.,"R$ 89,16",46850.0,"R$ 0,60","0,65%","1,94%","4,23%","7,98%","0,65%","0,70%","0,66%","2,55%","-1,69%","-1,05%","-5,06%","R$ 1.257.991.638,81","R$ 91,95",97.0,,,,,,,0
174,RBRL11,Logística,"R$ 106,70",105771.0,"R$ 0,64","0,59%","1,75%","3,52%","7,17%","0,58%","0,59%","0,60%","2,30%","1,59%","2,19%","3,28%","R$ 607.030.845,85","R$ 107,18",100.0,,,,,"0,00%","0,00%",7
175,RBRP11,Outros,"R$ 85,50",26587.0,"R$ 0,30","0,33%","1,45%","3,15%","6,62%","0,48%","0,53%","0,55%","1,98%","-0,98%","-0,65%","-5,48%","R$ 1.062.752.449,92","R$ 87,26",98.0,,,,,"10,00%","14,00%",15
176,RBRR11,Títulos e Val. Mob.,"R$ 99,90",22253.0,"R$ 0,73","0,70%","2,04%","3,84%","6,93%","0,68%","0,64%","0,58%","2,67%","2,93%","3,66%","9,90%","R$ 759.871.469,18","R$ 99,48",100.0,,,,,,,0
177,RBRS11,Híbrido,"R$ 74,80",1202.0,"R$ 0,40","0,54%","1,57%","0,00%","0,00%","0,52%","0,00%","0,00%","2,45%","-0,44%","0,09%","-17,88%","R$ 101.146.528,12","R$ 96,82",77.0,"0,41%","0,07%","0,49%","1,36%",,,0
178,RBRY11,Títulos e Val. Mob.,"R$ 104,49",6021.0,"R$ 0,70","0,67%","2,05%","4,39%","8,03%","0,68%","0,73%","0,67%","2,75%","-1,19%","-0,53%","0,41%","R$ 354.387.923,26","R$ 104,32",100.0,,,,,,,0
179,RBVA11,Outros,"R$ 110,07",13763.0,"R$ 0,85","0,77%","2,31%","4,72%","8,90%","0,77%","0,79%","0,74%","3,92%","1,54%","2,32%","1,26%","R$ 1.322.246.699,64","R$ 114,10",96.0,,,,,"0,60%",,72
180,RBVO11,Outros,"R$ 12,14",826.0,"R$ 0,02","0,18%","0,35%","1,63%","4,54%","0,12%","0,27%","0,38%","0,35%","-12,65%","-12,50%","-20,54%","R$ 11.693.774,31","R$ 22,67",54.0,,,,,,,0
181,RCRB11,Lajes Corporativas,"R$ 151,98",5925.0,"R$ 0,80","0,51%","1,54%","3,02%","6,32%","0,51%","0,50%","0,53%","2,50%","1,23%","1,75%","-3,19%","R$ 726.269.330,15","R$ 196,78",77.0,,,,,"14,00%",,10
182,RDPD11,Títulos e Val. Mob.,"R$ 84,00",1461.0,"R$ 0,41","0,49%","1,70%","3,17%","5,78%","0,57%","0,53%","0,48%","2,47%","-4,82%","-4,36%","1,86%","R$ 106.680.100,52","R$ 98,96",85.0,,,,,,,0
183,RECR11,Títulos e Val. Mob.,"R$ 101,55",96545.0,"R$ 1,10","1,00%","2,80%","6,73%","12,32%","0,93%","1,12%","1,03%","4,07%","0,84%","1,85%","2,27%","R$ 1.355.698.362,90","R$ 95,23",107.0,,,,,,,0
184,RECT11,Híbrido,"R$ 81,74",19720.0,"R$ 0,60","0,76%","2,26%","4,51%","9,17%","0,75%","0,75%","0,76%","3,01%","-10,29%","-9,61%","-15,03%","R$ 763.274.448,24","R$ 93,32",88.0,,,,,"31,40%",,8
185,RECX11,Outros,"R$ 100,00",55.0,"R$ 0,90","0,96%","0,96%","0,96%","0,96%","0,32%","0,16%","0,08%","0,96%","-6,00%","-5,10%","-5,10%","R$ 18.588.589,80","R$ 93,81",107.0,,,,,,,0
186,RELG11,Híbrido,"R$ 97,07",1692.0,"R$ 0,70","0,69%","2,31%","0,00%","0,00%","0,77%","0,00%","0,00%","2,96%","1,91%","2,61%","6,76%","R$ 108.815.496,26","R$ 96,59",100.0,,,,,"15,50%","15,50%",3
187,RFOF11,Títulos e Val. Mob.,"R$ 82,21",2343.0,"R$ 0,63","0,77%","2,24%","4,52%","7,72%","0,75%","0,75%","0,64%","3,68%","-3,62%","-2,88%","-5,52%","R$ 101.001.640,04","R$ 93,68",88.0,,,,,,,0
188,RNDP11,Títulos e Val. Mob.,"R$ 686,00",2.0,"R$ 4,14","0,58%","1,73%","3,19%","5,38%","0,58%","0,53%","0,45%","2,55%","-5,35%","-4,79%","-6,89%","R$ 101.219.947,26","R$ 941,75",73.0,,,,,,,0
189,RNGO11,Lajes Corporativas,"R$ 62,00",5155.0,"R$ 0,37","0,59%","1,80%","3,78%","7,38%","0,60%","0,63%","0,61%","2,99%","0,98%","1,57%","-7,63%","R$ 270.880.653,69","R$ 101,23",61.0,,,,,"24,20%",,3
190,RRCI11,Títulos e Val. Mob.,"R$ 86,04",2273.0,"R$ 0,70","0,80%","2,32%","0,00%","0,00%","0,77%","0,00%","0,00%","3,02%","-3,78%","-3,01%","1,87%","R$ 46.239.188,51","R$ 95,98",90.0,,,,,,,0
191,RVBI11,Títulos e Val. Mob.,"R$ 97,36",4533.0,"R$ 0,72","0,77%","2,32%","4,45%","8,04%","0,77%","0,74%","0,67%","3,04%","1,50%","2,28%","0,86%","R$ 135.657.765,35","R$ 94,21",103.0,,,,,,,0
192,RZAK11,Títulos e Val. Mob.,"R$ 94,55",5047.0,"R$ 1,00","1,05%","1,57%","0,00%","0,00%","0,52%","0,00%","0,00%","1,57%","-1,04%","0,00%","-2,91%","R$ 292.029.989,18","R$ 97,29",97.0,,,,,,,0
193,RZTR11,Híbrido,"R$ 101,20",37564.0,"R$ 0,50","0,49%","1,93%","4,39%","0,00%","0,64%","0,73%","0,00%","3,49%","-4,96%","-4,49%","-2,01%","R$ 1.075.487.091,93","R$ 97,35",104.0,"0,72%","0,70%","1,42%","2,11%",,,0
194,SADI11,Títulos e Val. Mob.,"R$ 86,50",1254.0,"R$ 0,28","0,33%","0,80%","1,56%","3,03%","0,27%","0,26%","0,25%","1,30%","-3,33%","-3,01%","10,65%","R$ 319.600.945,21","R$ 100,50",86.0,,,,,,,0
195,SARE11,Híbrido,"R$ 100,80",2968.0,"R$ 0,64","0,63%","1,93%","3,41%","4,88%","0,64%","0,57%","0,41%","3,15%","0,15%","0,78%","9,24%","R$ 537.488.360,33","R$ 100,38",100.0,,,,,"0,00%",,3
196,SCPF11,Shoppings,"R$ 9,12",371.0,"R$ 0,00","0,04%","0,68%","1,73%","2,96%","0,23%","0,29%","0,25%","0,68%","1,33%","1,37%","-9,14%","R$ 53.050.648,13","R$ 12,63",72.0,,,,,"26,80%",,1
197,SDIL11,Logística,"R$ 94,75",10046.0,"R$ 0,60","0,63%","1,84%","3,58%","6,72%","0,61%","0,60%","0,56%","3,00%","-4,55%","-3,94%","-6,56%","R$ 660.371.094,04","R$ 103,26",92.0,,,,,"8,30%",,5
198,SEQR11,Outros,"R$ 80,49",4647.0,"R$ 0,67","0,75%","0,00%","0,00%","0,00%","0,00%","0,00%","0,00%","1,48%","-2,26%","-1,53%","-0,80%","R$ 154.642.234,38","R$ 104,34",77.0,,,,,,,0
199,SHPH11,Shoppings,"R$ 828,50",105.0,"R$ 1,63","0,20%","1,03%","2,27%","3,11%","0,34%","0,38%","0,26%","1,03%","-2,50%","-2,31%","-0,57%","R$ 501.168.650,72","R$ 823,00",101.0,,,,,"12,40%",,1
200,SPTW11,Lajes Corporativas,"R$ 47,87",8490.0,"R$ 0,60","1,23%","8,53%","12,05%","17,48%","2,84%","2,01%","1,46%","10,59%","-21,31%","-20,34%","-37,81%","R$ 93.395.880,85","R$ 51,94",92.0,,,,,"0,00%",,1
201,SPVJ11,Outros,,,"R$ 0,70","0,00%","0,00%","0,00%","0,00%","0,00%","0,00%","0,00%",,"0,00%","0,00%","0,00%","R$ 505.986.099,54","R$ 107,56",,,,,,,,0
202,STRX11,Híbrido,,,"R$ 52,68","0,00%","0,00%","0,00%","0,00%","0,00%","0,00%","0,00%",,"0,00%","0,00%","0,00%","R$ 312.941.691,31","R$ 20.349,17",,,,,,,,0
203,TEPP11,Lajes Corporativas,"R$ 78,00",5751.0,"R$ 0,45","0,57%","1,63%","3,25%","6,55%","0,54%","0,54%","0,55%","2,69%","-5,65%","-5,11%","-9,86%","R$ 399.750.365,30","R$ 94,68",82.0,,,,,"20,00%",,4
204,TGAR11,Outros,"R$ 137,13",24308.0,"R$ 1,16","0,84%","2,69%","5,33%","10,37%","0,90%","0,89%","0,86%","4,33%","-1,00%","-0,17%","0,84%","R$ 949.390.234,14","R$ 128,32",107.0,,,,,,,0
205,THRA11,Lajes Corporativas,"R$ 137,99",736.0,"R$ 0,17","0,12%","0,56%","1,73%","4,46%","0,19%","0,29%","0,37%","0,89%","2,22%","2,35%","5,47%","R$ 167.820.778,54","R$ 113,95",121.0,,,,,"17,42%",,1
206,TORD11,Outros,"R$ 10,54",116653.0,"R$ 0,10","0,95%","2,52%","6,17%","12,04%","0,84%","1,03%","1,00%","3,85%","-10,87%","-10,02%","-9,00%","R$ 280.232.076,11","R$ 10,41",101.0,,,,,,,0
207,TRNT11,Lajes Corporativas,"R$ 149,00",33.0,"R$ 0,40","0,28%","0,70%","1,55%","3,19%","0,23%","0,26%","0,27%","0,99%","-10,49%","-10,25%","-4,91%","R$ 816.093.501,75","R$ 207,36",72.0,,,,,"51,00%",,1
208,TRXF11,Outros,"R$ 105,35",68731.0,"R$ 0,70","0,66%","1,97%","3,94%","7,39%","0,66%","0,66%","0,62%","3,25%","-1,88%","-1,23%","2,21%","R$ 594.641.041,38","R$ 105,40",100.0,,,,,"0,00%",,44
209,URPR11,Outros,"R$ 125,77",6889.0,"R$ 2,06","1,64%","4,71%","9,61%","0,00%","1,57%","1,60%","0,00%","8,08%","-3,48%","-1,90%","5,41%","R$ 165.389.805,87","R$ 99,61",126.0,,,,,,,0
210,VCJR11,Títulos e Val. Mob.,"R$ 102,40",6587.0,"R$ 0,79","0,77%","2,08%","4,60%","8,53%","0,69%","0,77%","0,71%","3,46%","-0,97%","-0,20%","0,08%","R$ 1.149.549.348,36","R$ 99,07",103.0,,,,,,,0
211,VGHF11,Títulos e Val. Mob.,"R$ 9,56",76064.0,"R$ 0,10","1,05%","0,00%","0,00%","0,00%","0,00%","0,00%","0,00%","1,85%","-4,70%","-3,70%","-2,44%","R$ 160.344.804,03","R$ 9,74",98.0,,,,,,,0
212,VGIP11,Outros,"R$ 106,83",36575.0,"R$ 0,93","0,87%","2,67%","6,30%","11,01%","0,89%","1,05%","0,92%","3,69%","1,84%","2,72%","-2,85%","R$ 513.403.781,40","R$ 95,47",112.0,,,,,,,0
213,VGIR11,Títulos e Val. Mob.,"R$ 91,63",6172.0,"R$ 0,50","0,54%","1,57%","3,12%","6,21%","0,52%","0,52%","0,52%","2,08%","-1,92%","-1,38%","6,27%","R$ 435.967.414,18","R$ 96,74",95.0,,,,,,,0
214,VIFI11,Títulos e Val. Mob.,"R$ 87,01",2265.0,"R$ 0,60","0,67%","2,03%","3,94%","7,93%","0,68%","0,66%","0,66%","3,32%","0,38%","1,06%","-1,81%","R$ 281.745.468,49","R$ 100,18",87.0,,,,,,,0
215,VILG11,Logística,"R$ 116,10",42774.0,"R$ 0,57","0,49%","1,29%","2,75%","5,38%","0,43%","0,46%","0,45%","2,27%","-0,75%","-0,26%","-1,07%","R$ 1.717.681.134,13","R$ 114,53",101.0,,,,,"0,40%",,14
216,VINO11,Lajes Corporativas,"R$ 60,30",27658.0,"R$ 0,45","0,75%","2,21%","4,31%","7,99%","0,74%","0,72%","0,67%","3,65%","-1,08%","-0,34%","-2,06%","R$ 760.704.358,28","R$ 60,02",100.0,,,,,"3,70%",,9
217,VISC11,Shoppings,"R$ 108,55",32819.0,"R$ 0,35","0,32%","0,71%","2,18%","3,59%","0,24%","0,36%","0,30%","1,70%","-2,58%","-2,27%","-4,98%","R$ 1.703.769.909,71","R$ 119,39",91.0,,,,,"8,50%",,15
218,VLOL11,Lajes Corporativas,"R$ 98,99",2972.0,"R$ 0,41","0,41%","1,26%","2,45%","5,08%","0,42%","0,41%","0,42%","2,06%","-3,87%","-3,48%","-1,87%","R$ 172.912.556,68","R$ 96,88",102.0,,,,,"4,00%",,1
219,VOTS11,Títulos e Val. Mob.,"R$ 82,97",6.0,"R$ 0,41","0,49%","1,63%","2,94%","5,26%","0,54%","0,49%","0,44%","2,42%","-2,91%","-2,43%","4,35%","R$ 82.017.484,80","R$ 99,07",84.0,,,,,,,0
220,VRTA11,Títulos e Val. Mob.,"R$ 111,37",24007.0,"R$ 1,04","0,93%","2,49%","4,82%","8,66%","0,83%","0,80%","0,72%","4,05%","-2,83%","-1,93%","1,05%","R$ 1.010.653.241,50","R$ 101,07",110.0,,,,,,,0
221,VSHO11,Shoppings,"R$ 77,14",176.0,"R$ 0,35","0,47%","0,75%","1,20%","0,00%","0,25%","0,20%","0,00%","1,01%","0,18%","0,65%","-8,50%","R$ 211.859.538,12","R$ 100,94",76.0,,,,,"7,07%",,3
222,VSLH11,Outros,"R$ 10,33",218271.0,"R$ 0,17","1,53%","0,00%","0,00%","0,00%","0,00%","0,00%","0,00%","2,73%","10,90%","12,60%","13,95%","R$ 120.031.937,53","R$ 10,00",103.0,,,,,,,0
223,VTLT11,Logística,"R$ 108,70",1320.0,"R$ 0,75","0,69%","2,04%","3,95%","7,07%","0,68%","0,66%","0,59%","3,34%","-1,80%","-1,12%","-3,57%","R$ 216.152.976,86","R$ 102,20",106.0,,,,,"0,00%","0,00%",1
224,VVPR11,Híbrido,"R$ 98,00",263.0,"R$ 0,62",,,,,,,,,,,,"R$ 231.107.366,05","R$ 100,23",98.0,,,,,"0,00%",,6
225,VXXV11,Outros,,,"R$ 10,76",,,,,,,,,,,,"R$ 72.452.019,06","R$ 1.393,31",,,,,,,,0
226,WPLZ11,Shoppings,"R$ 66,69",113.0,"R$ 0,10","0,15%","0,15%","0,00%","0,00%","0,05%","0,00%","0,00%","0,15%","-3,64%","-3,50%","-3,50%","R$ 106.573.539,69","R$ 104,41",64.0,,,,,"9,40%",,1
227,WTSP11B,Híbrido,"R$ 45,50",28.0,"R$ 0,17","0,37%","0,91%","1,62%","3,36%","0,30%","0,27%","0,28%","1,15%","-6,98%","-6,64%","-11,07%","R$ 79.125.016,62","R$ 79,72",57.0,,,,,,,0
228,XPCI11,Outros,"R$ 100,05",40761.0,"R$ 1,00","1,00%","2,84%","5,36%","9,39%","0,95%","0,89%","0,78%","4,55%","0,26%","1,26%","7,97%","R$ 638.975.828,69","R$ 97,30",103.0,,,,,,,0
229,XPCM11,Lajes Corporativas,"R$ 39,40",9058.0,"R$ 0,39","0,98%","2,82%","7,05%","16,92%","0,94%","1,18%","1,41%","4,41%","-6,76%","-5,85%","-28,26%","R$ 174.676.493,81","R$ 72,34",54.0,,,,,"100,00%",,1
230,XPHT11,Hotel,"R$ 87,90",5.0,"R$ 0,34","0,40%","1,05%","2,23%","0,00%","0,35%","0,37%","0,00%","1,05%","-18,27%","-17,94%","-16,89%","R$ 331.031.113,19","R$ 87,01",101.0,,,,,"81,60%",,5
231,XPIN11,Outros,"R$ 105,07",10049.0,"R$ 0,64","0,60%","1,71%","3,32%","6,49%","0,57%","0,55%","0,54%","2,25%","-3,65%","-3,08%","-4,82%","R$ 730.102.167,56","R$ 110,85",95.0,,,,,"9,90%",,5
232,XPLG11,Logística,"R$ 114,10",56378.0,"R$ 0,61","0,54%","1,56%","3,01%","5,69%","0,52%","0,50%","0,47%","2,52%","-2,03%","-1,51%","-3,93%","R$ 2.990.240.247,92","R$ 110,34",103.0,,,,,"8,20%","3,60%",13
233,XPML11,Shoppings,"R$ 107,49",46412.0,"R$ 0,30","0,29%","0,67%","1,97%","3,43%","0,22%","0,33%","0,29%","0,98%","-4,01%","-3,73%","-6,84%","R$ 2.001.282.055,70","R$ 109,91",98.0,,,,,"5,50%",,13
234,XPPR11,Outros,"R$ 62,80",32335.0,"R$ 0,48","0,75%","2,16%","4,14%","9,11%","0,72%","0,69%","0,76%","3,44%","-5,19%","-4,47%","-17,84%","R$ 638.005.453,29","R$ 87,20",72.0,,,,,"39,00%",,4
235,XPSF11,Outros,"R$ 97,50",20482.0,"R$ 0,87","0,89%","2,46%","4,73%","9,30%","0,82%","0,79%","0,78%","4,01%","0,56%","1,45%","6,23%","R$ 425.281.193,51","R$ 98,21",99.0,"0,81%","0,13%","0,94%","2,33%",,,0
236,XTED11,Lajes Corporativas,"R$ 7,13",6961.0,"R$ 0,00","0,00%","0,00%","0,00%","0,00%","0,00%","0,00%","0,00%","0,00%","1,10%","1,10%","-37,83%","R$ 25.472.636,57","R$ 14,21",50.0,,,,,"0,00%","100,00%",1
237,YUFI11B,Residencial,,,"R$ 0,17","0,00%","0,00%","0,00%","0,00%","0,00%","0,00%","0,00%",,"0,00%","0,00%","0,00%","R$ 36.552.294,27","R$ 94,97",,,,,,,,0
